strategy,k,num_workers,time_seconds,inertia,iterations,speedup
serial,3,1,6.070407,28985031.4078,24,1.0
serial,5,1,7.694864,27229380.4989,16,1.0
serial,7,1,36.702607,25846126.2368,50,1.0
distributed,3,4,2.468137,28985031.4078,24,2.4595
distributed,5,4,6.234285,27229380.4989,16,1.2343
distributed,7,4,13.075394,25846126.2368,50,2.807
